Type,Commit,Date,Digest
scratch,115cd1ab,2020-04-23,sha256:edaae69a1e8224100ff720baae27ccf833e4a8ef3bce0bbcb612e1152927f62d
alpine,115cd1ab,2020-04-23,sha256:0c0524454321bcaae6658a9f63140fc9d97d470868d9d677b15a289e7165d7bb
scratch,bae6ea50,2021-04-28,sha256:c8e2e11d53546a7d740b252c0ec7653e81b89fb26c4000c0b1f0779a34179b2e
alpine,bae6ea50,2021-04-28,sha256:66e23f9b22ad4d3538bda36df07946312e30fd38f378499089766c923d971933
scratch,ee87d1e1,2021-04-29,sha256:2dd25b8ce436336dbca9220b03ddb22d08b17a8144909cb8b97e19a2cc6e0266
alpine,ee87d1e1,2021-04-29,sha256:1d94c06ad5c9c579de76521bfcb6d019a6e93e2947d8ba541736ff1de8097d8c
scratch,5af7fe95,2021-04-30,sha256:95f77f9aa21a964bb8ec55e534afc1a9199711acd118427cc59325294de9c97c
alpine,5af7fe95,2021-04-30,sha256:55caa636b05a116c81077e34d8a0616a8e8aac1b0d326473c77cd8b0a1e9fd42
scratch,2ae02af3,2021-05-01,sha256:996f3d29f72555467806478ea72ac808ca617169e7c003fa4ca85fb5ca3de3aa
alpine,2ae02af3,2021-05-01,sha256:d92f3d904dd563b72a4f629deef1e653b205591e9baab1087fe926cde5c53411
scratch,fc96d124,2021-05-03,sha256:4dbc7ffa37a13d1de81496fbe5415162c34446c8fa7b8b604bac5866304bc057
alpine,fc96d124,2021-05-03,sha256:9bdbc6d22977ba7c74064d0e5556e480d0f2da364b240d681d65403ec3ee2575
scratch,da982427,2021-05-04,sha256:496811f04b4d15681d00817f4f4e793b94446dffde9624f082f720dc0c5efe7d
alpine,da982427,2021-05-04,sha256:16fd01212980c3dfe9a48e4b5b62337cbac7bb65b6e64a1223760e3df82b99ea
scratch,2ffd8707,2021-05-06,sha256:131aabf4bfc8722063f9d29565caab08bf259f477d2cccce8550ad5e8eeccdf9
alpine,2ffd8707,2021-05-06,sha256:37d52a65c32c031724427206f2c905ac984e41cb48caa07788f3b85ec706e85d
scratch,876c5568,2021-05-07,sha256:811fa3ee8ecd24da7e07d928a4cb097aa183038b4f1b819e11ba4556cac3b819
alpine,876c5568,2021-05-07,sha256:943b0e75bad89ca31a9b782bc566f7e8d4ce2a32635d8ccb3eb4bfdcabe3272b
scratch,c2889ec7,2021-05-08,sha256:b20ad2eeaec9fdb73b55b3e9fb9f0bf467e568789cfef9c07156ad8ab5e071b4
alpine,c2889ec7,2021-05-08,sha256:c388d10f9354c8c2626a0a83094adab3fea0d53808043c6114191630d82adfef
scratch,b7879c34,2021-05-11,sha256:e4913df9a293739d371f08a42f17abf2c9e2014268897d324f23b7085a14959f
alpine,b7879c34,2021-05-11,sha256:53c0de8052ae1092ca56f6300bef5231c3d52447f83dff35a3947ccba48b5089
scratch,910c9f8a,2021-05-12,sha256:4c0dd7f6607a81c279a88e78aae1965d46a63242769a083254b560f53e0f202c
alpine,910c9f8a,2021-05-12,sha256:a86e3059afd3135b98d71ac7492067cbe13e030443376368afd35556b37a493b
scratch,90ab12e9,2021-05-13,sha256:b45f8b8588fb257d0d876eb82c5401a508acc0877b948f034e899eaf7e315503
alpine,90ab12e9,2021-05-13,sha256:ac28efcff79127e508eebf7d92eca72ba13e884999ca4b43d6ac9b12180b7fab
scratch,da3924aa,2021-05-15,sha256:2226b286dd467ef31dafaad853a3d7dd27bd57a98ec16cb06b139c8646afd6c8
alpine,da3924aa,2021-05-15,sha256:388349925716d8a55e131a907c2cec0f6d33744260c8f4bdce809c10147c80df
scratch,521ec3df,2021-05-18,sha256:655fcf21decf9286c15b96d2d7dd5dc8137ef79554461f280a36162accd77468
alpine,521ec3df,2021-05-18,sha256:5e42f0f009e93d9ab97bef3694e5183281344e2023310379b620949314037d10
scratch,aab9b478,2021-05-20,sha256:a2d1d56f395f82cf30cf70951330d0ebf0e5cbfb71d275504ed72630ae89b63f
alpine,aab9b478,2021-05-20,sha256:b4e2fbd8e0210074643d64497ce48c777096b9be537a14b52946dc5f9e3f6fec
scratch,4ef60e89,2021-05-21,sha256:32ce5af5badc24215cab3e6b9e48a59c4702ecf3567f6e56e0ab1dc4044a966d
alpine,4ef60e89,2021-05-21,sha256:76b25e685913c46c0d4467b508502ca919cf4216bd69b658b0ab4c87d46022bb
scratch,4464ff82,2021-05-22,sha256:3bad4268a107c973c6eb8dfa3bbba135ce7b59f650ee89cb840439fc0db2319d
alpine,4464ff82,2021-05-22,sha256:e15d809f20005b89ab945b6f42b4abb40abbab675c4694a1af21a6a95ac2fcd5
scratch,67f0f697,2021-05-25,sha256:3a93a08b0c757e4f868ab2f736054ad0382e6a1f1bf528ce5e1156242f804231
alpine,67f0f697,2021-05-25,sha256:ea16451abe8006a0bebc5cfb78399513b2b9c77012c7ecdf0d59682c8fab52a0
scratch,c8824ab6,2021-05-26,sha256:dba1f6877fe07aabc73738330c4fe076b9d95e968fcd8302b3be96b17183ca71
alpine,c8824ab6,2021-05-26,sha256:a28ade62563ca215a6e93ad6640a8fe2d7cef4153fa7c2d9e8fcd0a18eba7958
scratch,523fd492,2021-05-27,sha256:65a0c06a2a5193f1356698db31568e7f04fd0d77a496cc64ef7ef6da00079c93
alpine,523fd492,2021-05-27,sha256:cd6fefcbe85f826217ffffe09d8c9c1629056d2c8d9537feca85bc978eda0dde
scratch,246ced5f,2021-05-28,sha256:c262d25cd445bf2f0f6da26c281f6267a24f10449ec637340b21e58237f2a8aa
alpine,246ced5f,2021-05-28,sha256:97f32e20506150339f7fc4da9a74f7478c6ea271b5a0617cba017179be422d70
debian,246ced5f,2021-05-28,sha256:f884ff731d1870356f6fc52ad762eb7875d0a816dac3ccbef6936114b83ac91d
scratch,8b3d37fc,2021-05-29,sha256:47eb8b29e52724dd53d9c5d17712e351d100c2dc69ad63bd09e4bbe021b4d6ea
alpine,8b3d37fc,2021-05-29,sha256:1e3ad1617106d1806e9f19be2fee23b7bfb9881a5681a9cb17d633d522eb3c20
debian,8b3d37fc,2021-05-29,sha256:325842da53d07e404a453ea04e19b5b02511a36b3de1c35e1f1de4bbc52475a6
scratch,d5cdbe8d,2021-06-01,sha256:8efc2189b234d2ed7daba7778a816d01b9ce5df42c7dd41c98050bf5e61f3985
alpine,d5cdbe8d,2021-06-01,sha256:3382a59d20ec83ad5e39acaea0d182b5e99ccaa16a7a7a49e8dd08d82456ad98
debian,d5cdbe8d,2021-06-01,sha256:c7ed9eae0c27169488dcade97f9bffcf8f7de6a6dfc8bdcee2bb53018d87d406
scratch,5d184fbd,2021-06-02,sha256:801a0ce3041ce372dd1e1e01e081bb0dd6a3e310dd6f9e0e771ef81140919b75
alpine,5d184fbd,2021-06-02,sha256:bc107d304b930e16cf88562ecf339dad4c9f71a7638a3cccd784d3aea1aad5cd
debian,5d184fbd,2021-06-02,sha256:2e3d3c199cfcb4c85292b9e85958912f336db808d06672cc111f0b75cebd6af5
scratch,d6038b03,2021-06-05,sha256:5952dd9aaf54f9d55380de2de599ad2b2a12457187881657684041bb1c3541df
alpine,d6038b03,2021-06-05,sha256:f968a72b7ae133b3a8f84df2e29db775c19e133969d407c6d0265508b68e3ac5
debian,d6038b03,2021-06-05,sha256:15cbe09ec84d08a18695c9d1ecd5cf5ae0d377510faab3626ac7da43c8be800d
scratch,1b99a4b5,2021-06-08,sha256:3bcaa6278e1c1dee3aa3937d42fd849bfa4c40f07125933a4ad0c99a2211c4ef
alpine,1b99a4b5,2021-06-08,sha256:4c5237baecfa9b5e952b68ba72e8f395298652ecb290b18f8fd38939a534e44c
debian,1b99a4b5,2021-06-08,sha256:db47dee30d65013493375f809ed2416ae752e75ec5b98c6186d1a0a8d2265c21
scratch,528558b8,2021-06-12,sha256:8963dacca0b850389cb804a596495797f0d22f6873bc627d5e7f669730b149ad
alpine,528558b8,2021-06-12,sha256:a8ddc094dc8532570743813299999edbe8708c5919206a02f1eaad94f79087e4
debian,528558b8,2021-06-12,sha256:ca43d2a8b99abe6f7a6e916bab25102489ab65230a4e33174e8a521692c9bd19
scratch,d0b0c90d,2021-06-15,sha256:37d60efea40c9aa1612303407bdd7a31824010aa26b0ffca05efbd0e7a86700c
alpine,d0b0c90d,2021-06-15,sha256:2bc9d2f6bfa2ef5bddef03e3c39a06fe398282d975389a32a3ac4fc0f1130dd9
debian,d0b0c90d,2021-06-15,sha256:267102656107f59d5f79ca7fcff0a6b14e09bd69c3e28f08e6d4bea34ac12c36
scratch,372f6538,2021-06-16,sha256:d07c4831e757f7afe98ed033ecd9f253880d478a0dd7a9068c0c21a1968ed526
alpine,372f6538,2021-06-16,sha256:3cb2c9adb141fe0e88d527ca04fc1559c45c6905595cea837496c923bfde4ced
debian,372f6538,2021-06-16,sha256:56496168818d30b4b24c2559e18e98177ae3943531b78ce006b3eb54684ad1da
scratch,fd591421,2021-06-17,sha256:00ab0184567a05550e13dfa6fb49b82547b983c5938f970b1b051d41e0448d6a
alpine,fd591421,2021-06-17,sha256:dcf74d8a31c0d9fd538fe9c00c3fff08ac9e01a54fb3df8ea1014cd644577e53
debian,fd591421,2021-06-17,sha256:65a92e015ea1ac684eae8fc5d201a49c73666547f29aa2894d8d7550dfbad65f
scratch,e69bcbf6,2021-06-18,sha256:7db049c802890480b819edec5bbed4e3e409d15f4bcc60bdaaa71e655b52300a
alpine,e69bcbf6,2021-06-18,sha256:c40b0920a057441a54f247fe4e8df30af5dda04f71dddcb016508608dedc0544
debian,e69bcbf6,2021-06-18,sha256:b42c3d63222b8d196d99bc16c587ac071ad8d259e6c5c073a03520a3c312f305
scratch,7d36ca23,2021-06-19,sha256:c80854a5c8acfe2c84645633dfdf7332d231763351524968af1b3603295add12
alpine,7d36ca23,2021-06-19,sha256:dd81675a7ac0b606cdb9d8dd23801df18ad080cee70e31a5f382e6d23fbd2d65
debian,7d36ca23,2021-06-19,sha256:e4d3eacf87904b2044e7c5fc7df89a563c461c026e2024a50b26a528316f5d9d
scratch,8c7d1fa8,2021-06-22,sha256:df27fee468f1ab6d0c8b8e0c1e7c5e28d7d7c7b9bdb3d0e13ad1a71288d73e19
alpine,8c7d1fa8,2021-06-22,sha256:790ae163ce2360a3139ea1cce932292ecadfadb24553da28a361204d9c77fc15
debian,8c7d1fa8,2021-06-22,sha256:9244f7b02c8066c74559c547301d9b62c350a904fe5f29c860918036b714b1aa
scratch,d0fd2825,2021-06-23,sha256:1b0e7fbe58d33347607d62f8f077c4c47b19c49d8f0ea1ae2b6c385b20d8de7b
alpine,d0fd2825,2021-06-23,sha256:2a2e307c8071c4f158df55e01e7540b252f4bd68a0df2d84b30bd9cd40ca6f44
debian,d0fd2825,2021-06-23,sha256:5dbda1e920f18c482faaacff4cf59a498cee37682483814ed86fba20d02c4e8a
scratch,3b38d3c0,2021-06-29,sha256:e31c4e415aad60ddbe7886f4fc66ea14c1116fa510153d28d37fd810b2ca944a
alpine,3b38d3c0,2021-06-29,sha256:ea4964807cf6561fa79546d20eae27f29352b75309423d546bae0af967a411f3
debian,3b38d3c0,2021-06-29,sha256:3cc55b280703d5f049126d2ebb0317363274840c9ea3f4d7c5d9e560b53b39b8
scratch,486b82b2,2021-06-30,sha256:4643f3c8f3c68284990679359fdede4415a17a34bc17020b42a143b371b429b5
alpine,486b82b2,2021-06-30,sha256:862cf92d9e935b78f0d0533687e8d15de960090703e210d0286acdeb7220eaa9
debian,486b82b2,2021-06-30,sha256:aa55d8e751b174695cfbefe515b9ba5129b9e061bdd430c9998d3c5945ed2de5
scratch,db2932c2,2021-07-01,sha256:d24776a65d1b44f1ec90e9a05d7d34d09f51ef643e1f903d377cff543a887c76
alpine,db2932c2,2021-07-01,sha256:9e652a13410ce2cf2ea17f91a21387d72e83a60759ebc78b7d055b3022ac0051
debian,db2932c2,2021-07-01,sha256:f72dedf498a1877fd4297cfa301650e4b950af3e0b7d48372e288151845ad459
scratch,9b4ed458,2021-07-02,sha256:ca7c6f8feb15269f61e2a19a770ea962bd5caeba3a846c32666e16be9deafa0f
alpine,9b4ed458,2021-07-02,sha256:0af26462f6ff1e2fba9915ead0e23945ab002a47023a6b3e2f0f378ddcca703d
debian,9b4ed458,2021-07-02,sha256:be999ab457429561080a2235f803da3a6798fe559f19009c902d2d3b74824c2c
scratch,afcee12f,2021-07-06,sha256:e7d3d5b6237a03710c22da10ec54ff12d9fc3df87d41f30a01b9701a861625d0
alpine,afcee12f,2021-07-06,sha256:a363ccc583308fb99f4b63d812d2f1bb0484c0139afafaddeb53d201b1ff62f0
debian,afcee12f,2021-07-06,sha256:777bfb598b1d7d76e2c2517b7383a70a9f8109e0c78da5acddd7bb3440729419
scratch,566b1bb8,2021-07-07,sha256:4b408226ebf3d91e5d3bad44e6e97a3e1adb0a62530fc4e13582ddd5c7dd18ea
alpine,566b1bb8,2021-07-07,sha256:d89c0eb78b65ceaf08025cf8153c629b578156064786a2d3334a2708b193212a
debian,566b1bb8,2021-07-07,sha256:3ee153607e8dee07318b2ae2968364cb63e06e39c5709d069aed0660ee52d64b
scratch,467c7466,2021-07-08,sha256:473e2dad902b53b344dee4d1e039b9b6120f13ba3649dce05dfaca5ebcf13505
alpine,467c7466,2021-07-08,sha256:14741409e9a18ea7ee0d0f5fb50620bf5ab53ceadbf9c2a6d32a6ac5075badae
debian,467c7466,2021-07-08,sha256:dfc585326693453e3d257b3eda119675712e7cbbe9d351cbc7aa284b549b9d75
scratch,b5f229b8,2021-07-09,sha256:aca8221febb7e8809f98dad3e6345bd2e9cd4b1a6d771ca77d61eada31b00b03
alpine,b5f229b8,2021-07-09,sha256:4abc236372bd542902b81b804f6f9dd963339e4cbd019d74bae773071dd79657
debian,b5f229b8,2021-07-09,sha256:2c9a1bec275328d5f302589da4d4cb0433804f90ead8c59572c65ec0e38dbef0
scratch,8a932437,2021-07-10,sha256:f78c297ddfa20c16ee80fc4d8b5ce18f23493fbcb4958cd1358edf86665dd3c2
alpine,8a932437,2021-07-10,sha256:6e9d071913f5d7be4962fcaed0fd03aa646cd9568ab94c2daa0765e009cdd4de
debian,8a932437,2021-07-10,sha256:ea7346bd334256b946a10c9ab630196acdcfed1e336b67b23edb20e82f06d7cf
scratch,ae943bdd,2021-07-11,sha256:4b0f37baa1eda8c4db280ca017f21160b5da4213b3884c76386d90b906085566
alpine,ae943bdd,2021-07-11,sha256:ca08d21c9c8f3737b6c87affee3fca38eb434d5304d0950614459c992c2ebd23
debian,ae943bdd,2021-07-11,sha256:26cf9ff2b586e1fea7f0f958006a02c9de831763f122a81dfd4fb3fd6b82f6c4
scratch,365be6f8,2021-07-13,sha256:f5310d9eb4a803cfd117c7c4fd240cb051ba5a0f3202526ff4770cef2fb38241
alpine,365be6f8,2021-07-13,sha256:2050b2dde401d49f0a89fe646ba7701a6548bc533c56c147890bc6d0776c154b
debian,365be6f8,2021-07-13,sha256:b05efc836c611026b9bf360333bbb4b1783bb5d72b419bbbcb70452e3317e30c
scratch,d0d52a83,2021-07-14,sha256:91e3d4c33a9c88521d4c3f77c14aae4b6c950d475ea74bf61f6e75ebf657bc9d
alpine,d0d52a83,2021-07-14,sha256:3bc7ceb7cdfcb3292db671192aec2ea9ddabe405fdc62a414d85db34b58481cc
debian,d0d52a83,2021-07-14,sha256:f9d953bea379ab6ac6d1f34cb925f1ae0b3b054520facd20f2b43b41bdcf4e97
scratch,b40fb27a,2021-07-15,sha256:a8b4e02d20d82d2e12c8f8e0ccb1464ded9acd52a971a9c82b584af15cb6e2f2
alpine,b40fb27a,2021-07-15,sha256:73b865cb5573a8e59943cae34b7972ca9045fbe8d6b7a0c8081fe1baae6c5ff9
debian,b40fb27a,2021-07-15,sha256:9e38160ff593af544f5496a09918d797702704f24485b1e492e0cbf115088fde
scratch,404a56d7,2021-07-16,sha256:a1a896743c5fe42f16a048072c8486419e8e6509caac10f1f6f4619bb5be3d13
alpine,404a56d7,2021-07-16,sha256:632d259611d9fa8788e5957832c0adc930e17c31c242e6175f23c47f533ae853
debian,404a56d7,2021-07-16,sha256:fb4209ac359daa6b41dac898bd909c10930626673d1acefc21a90d56aec954c3
scratch,d442e520,2021-07-17,sha256:8336cfeee6cc2dc9df39a8ea07a8e6a815d55582f9ff66e3ebb6b88f8d43011c
alpine,d442e520,2021-07-17,sha256:8330ad9ff3fac0653c957c1e3154cf93289935ab270be4c02dff2c17eef57d20
debian,d442e520,2021-07-17,sha256:80a449cf67b26304326d1fe6a55e305a597971a714bd72521a57f60ce21425e9
scratch,a0c67e47,2021-07-18,sha256:34f38b45c0ffca7755ceabd9440255e52388bfc5bb5bd7e962d02f109733fbb5
alpine,a0c67e47,2021-07-18,sha256:e8e59c55ca527a9441043665cccbdb36e02712fcf2401911175dd03e895f66e8
debian,a0c67e47,2021-07-18,sha256:7a77735075008d0f12c146fc2b2ec6a54f8752c9751f10597008a399a4ea921d
scratch,5a0479d9,2021-07-19,sha256:a0c3f31f480cfab1ed01ff7b7cb214863f76eb70ff867188bbc200512b901e6b
alpine,5a0479d9,2021-07-19,sha256:8195ebd7ba71af5813e7b8aef99b0e24a3d73fc1559c7742aa061138f88960f5
debian,5a0479d9,2021-07-19,sha256:6d85ddb14d58a1b2eccfd4c61e1dbcc809a70ea3adbb61dc94a4d648a9350346
scratch,e7981208,2021-07-20,sha256:3367e182d6f81c6bc75d6417312947fda465c8809609edcb6284aeccddd649a3
alpine,e7981208,2021-07-20,sha256:2638983c22536ab6ccdc43aebd03e7bc7fbe2e2c28a05145d5092aa9cd5d5fa2
debian,e7981208,2021-07-20,sha256:aab2838585893c958ce33802abeb9836bba44730200c8558af38d56b79cf57ec
scratch,d2ce69e9,2021-07-24,sha256:f14b7a143a40d1c59abbd13cf8896ef21e2edf6a3de1e876797a43987427416e
alpine,d2ce69e9,2021-07-24,sha256:f14b7a143a40d1c59abbd13cf8896ef21e2edf6a3de1e876797a43987427416e
debian,d2ce69e9,2021-07-24,sha256:8e813c836d5100858b1b60c185783db62f9084a91b0609fddb0ad294e12d87d2
scratch,5acb218b,2021-07-25,sha256:f7f3b3d5779f57def16e93972d2dae296eeba7e994ccf562889fe9e1e5e5a0e9
alpine,5acb218b,2021-07-25,sha256:f7f3b3d5779f57def16e93972d2dae296eeba7e994ccf562889fe9e1e5e5a0e9
debian,5acb218b,2021-07-25,sha256:b611476bcb6dee6aa987adf6da7c2b1ea5e4cdda3638bbc16d5b50950f7cfc32
scratch,3a17fee6,2021-07-26,sha256:2aef122c0a731cf304b543d5cd26b439c4e10afa72c9edc5884a1a64cfacf95a
alpine,3a17fee6,2021-07-26,sha256:2aef122c0a731cf304b543d5cd26b439c4e10afa72c9edc5884a1a64cfacf95a
debian,3a17fee6,2021-07-26,sha256:53c52111d3193eef7b20c596d075c292bd0bdcdec58e38967e6bb262e275ac88
scratch,999824ed,2021-07-27,sha256:cc05fb639ba05ac9ef0c0b9682e2017617aafd38f78bae258ec75916088398fb
alpine,999824ed,2021-07-27,sha256:cc05fb639ba05ac9ef0c0b9682e2017617aafd38f78bae258ec75916088398fb
debian,999824ed,2021-07-27,sha256:c51328202b6cd8fe79b2b92b6f1535f14c24e1169abffaf3e07fa04b679b4b98
scratch,7cb40f95,2021-07-28,sha256:4e7342739a4a8a2d8ac8b13b6fa3cbeb35c983510651553df39058f26be418de
alpine,7cb40f95,2021-07-28,sha256:4e7342739a4a8a2d8ac8b13b6fa3cbeb35c983510651553df39058f26be418de
debian,7cb40f95,2021-07-28,sha256:c1f39f07fa21688367bb8a51266367a6abf66405a98239667975608804cfc987
scratch,93d9336a,2021-07-29,sha256:967a20819483a0adc85476e4586dd22f8c6d40917288585b0bf1ffe3c25e006b
alpine,93d9336a,2021-07-29,sha256:967a20819483a0adc85476e4586dd22f8c6d40917288585b0bf1ffe3c25e006b
debian,93d9336a,2021-07-29,sha256:42f2a65df45ad2dd524686985eeaaac543f1e6e23c2eedf0e099a2d6d6f419e2
scratch,de7ebc55,2021-07-30,sha256:78c39ffee797ca78b0356ae14f227b30dba4c0accc7e552fc48383fc3c3ef523
alpine,de7ebc55,2021-07-30,sha256:78c39ffee797ca78b0356ae14f227b30dba4c0accc7e552fc48383fc3c3ef523
debian,de7ebc55,2021-07-30,sha256:46f42f6a62a32a084d84eb15ce62a024c78a058b498a80080c093751b9e645c7
scratch,12deee82,2021-07-31,sha256:65215b6140a0bfef96e83c06cd45bf8e7cd68fbe5665ebd2826318cf42351e98
alpine,12deee82,2021-07-31,sha256:65215b6140a0bfef96e83c06cd45bf8e7cd68fbe5665ebd2826318cf42351e98
debian,12deee82,2021-07-31,sha256:f8d4f65716db24dcb3cb1f4c08ad305946253ff883cc2e4426448bbed25493ec
scratch,30065f21,2021-08-03,sha256:33c2fd9e16c54543265844bade6f467997bdb2c47b90ddb3f6dc8425a92a33d4
alpine,30065f21,2021-08-03,sha256:33c2fd9e16c54543265844bade6f467997bdb2c47b90ddb3f6dc8425a92a33d4
debian,30065f21,2021-08-03,sha256:c9b4ccd591a8e80ee1b626ba23ddb50017735261914df8e634223871e41197e4
scratch,f10f7420,2021-08-04,sha256:6dd538b28a32cd4bfce929285f8cf30d67172e383636b0f36324b26e61cac2a1
alpine,f10f7420,2021-08-04,sha256:6dd538b28a32cd4bfce929285f8cf30d67172e383636b0f36324b26e61cac2a1
debian,f10f7420,2021-08-04,sha256:ec7a547d0b4c3245fb91ab0b87b9cc0c4f380a8f28a7536d962f3b8c1afd1eb2
scratch,9af1e186,2021-08-06,sha256:dee027741e31a61f99056448a5abbe07f0af89008ce3cfcf6800306224c3cfad
alpine,9af1e186,2021-08-06,sha256:dee027741e31a61f99056448a5abbe07f0af89008ce3cfcf6800306224c3cfad
debian,9af1e186,2021-08-06,sha256:77576ac5a28b10dd8ac7d4ac171eb264f84a1e739242c1f39a7255e132e80905
scratch,e9b2b291,2021-08-10,sha256:6adca1f8ca8f0ee1f6b69d5c1790e90f1a9f6e1522729cb9fdd8206d99feb23f
alpine,e9b2b291,2021-08-10,sha256:6adca1f8ca8f0ee1f6b69d5c1790e90f1a9f6e1522729cb9fdd8206d99feb23f
debian,e9b2b291,2021-08-10,sha256:133e52d7123c44b6d0f8ca2cc063cfbe1e6d951e621c18bdf050cc88f02019fc
scratch,7aca777e,2021-08-11,sha256:6ed1dcc5df36b4d003c60d57a0191e7ea2c762475671554411a8a5f864bbf4fd
alpine,7aca777e,2021-08-11,sha256:6ed1dcc5df36b4d003c60d57a0191e7ea2c762475671554411a8a5f864bbf4fd
debian,7aca777e,2021-08-11,sha256:8f6828ad6c9af014c3a82e39b7d8a3d8326d81db1d55e17970f69ece169016f8
scratch,cee1e76e,2021-08-12,sha256:fc2d00654a6431715c87a7fa90e6f098b16c48ccb625f6efe3522fdbe0d65194
alpine,cee1e76e,2021-08-12,sha256:fc2d00654a6431715c87a7fa90e6f098b16c48ccb625f6efe3522fdbe0d65194
debian,cee1e76e,2021-08-12,sha256:9d38a2baa74462525d70db0f5511ecea0083dbd82da62a7191cdddc135b4dfb6
scratch,95ebf3ed,2021-08-13,sha256:232e53fe5d8e0f1eb1fc4c697569acb530dbbdde154c00a3ba17313f1c459029
alpine,95ebf3ed,2021-08-13,sha256:232e53fe5d8e0f1eb1fc4c697569acb530dbbdde154c00a3ba17313f1c459029
debian,95ebf3ed,2021-08-13,sha256:48607fc06c97ad31600e9f6251ea1f53f97d42d5f65228c8035062b15dbfb5be
scratch,ba3425d7,2021-08-14,sha256:0d1ae5e80b46e6841d1feb1f614415cc47385826b99a0159edaa2b54725bd2d4
alpine,ba3425d7,2021-08-14,sha256:0d1ae5e80b46e6841d1feb1f614415cc47385826b99a0159edaa2b54725bd2d4
debian,ba3425d7,2021-08-14,sha256:ae4ad528b361cc1d8a177cec65ae830346c6852543581917f1463cc47e8531f7
scratch,9ec5b676,2021-08-17,sha256:d566ae08aef4c3e6efec827e63a40f76309a917addb184ba5c82dbf007145f73
alpine,9ec5b676,2021-08-17,sha256:d566ae08aef4c3e6efec827e63a40f76309a917addb184ba5c82dbf007145f73
debian,9ec5b676,2021-08-17,sha256:cc552b37b4df33e0f12202d045b49684364fa23ac3bdecb8da0a8806a70ae49c
scratch,931ac04a,2021-08-18,sha256:8342897b8645cdc288d8cdddaea90ef71f8a576eaa13d3b059c8ffdb2a71b650
alpine,931ac04a,2021-08-18,sha256:8342897b8645cdc288d8cdddaea90ef71f8a576eaa13d3b059c8ffdb2a71b650
debian,931ac04a,2021-08-18,sha256:3d03c3619f5cf576c10003bcb031b78c64de898ed65741f1f6024b69c01ea6b4
scratch,99832a54,2021-08-19,sha256:b449c203925be3c89af23852745cd4f76282d95f1c564ecbec9f7a5c897ac7ee
alpine,99832a54,2021-08-19,sha256:b449c203925be3c89af23852745cd4f76282d95f1c564ecbec9f7a5c897ac7ee
debian,99832a54,2021-08-19,sha256:9c347497b09712a5503cb5a42de680045fa6745e6b49a0768e16f8e6cb67954a
scratch,b9397142,2021-08-20,sha256:1b6c29555f6210313ea6efb6c8c252f208c6b7cbd4ddaca5e679936582b23b54
alpine,b9397142,2021-08-20,sha256:1b6c29555f6210313ea6efb6c8c252f208c6b7cbd4ddaca5e679936582b23b54
debian,b9397142,2021-08-20,sha256:db2127441a1b33d7bbd4cc42871b6976044075c3046826fd7f3f15cd91870dae
scratch,c98fa2c2,2021-08-21,sha256:6bd5ab363d505963a7dc44a2fc803e814e72a576380581f2c1df181812a1f8b9
alpine,c98fa2c2,2021-08-21,sha256:6bd5ab363d505963a7dc44a2fc803e814e72a576380581f2c1df181812a1f8b9
debian,c98fa2c2,2021-08-21,sha256:1eb0582e90b419df6af0797ce9392cd065fa34157fa239b735ed2fee0827d7cb
scratch,40c51ebb,2021-08-22,sha256:0c83065209fd588cee151ba1edaeeffce30675e3274953b9102d7ff339d3ec87
alpine,40c51ebb,2021-08-22,sha256:0c83065209fd588cee151ba1edaeeffce30675e3274953b9102d7ff339d3ec87
debian,40c51ebb,2021-08-22,sha256:eb61d2bce98b9a9f20b50a22e3b2cb9580c48c6c32143065dce76e25ee731f16
scratch,047c751f,2021-08-24,sha256:1100bc2392e61dc46172d256be26bd4fa0020c6842ec154bbf334caf7b1cdc7c
alpine,047c751f,2021-08-24,sha256:1100bc2392e61dc46172d256be26bd4fa0020c6842ec154bbf334caf7b1cdc7c
debian,047c751f,2021-08-24,sha256:3b8e18df5e46c81f38feb3da9e1cf6f0cc6a62b4e4b9e95736dca07201013592
scratch,27b3f71b,2021-08-25,sha256:7f2280ad594b5e98ec75c64f5b6013102130c0e219ed4ee4aedc145f00ed56a5
alpine,27b3f71b,2021-08-25,sha256:7f2280ad594b5e98ec75c64f5b6013102130c0e219ed4ee4aedc145f00ed56a5
debian,27b3f71b,2021-08-25,sha256:dbe7ba7cda4cb9bd1c045471f7b2b7befc1f682ebef50dc426b68ca75204f25c
scratch,6f21693d,2021-08-26,sha256:5032e1b94e4f6bdbbf34d11a6413994f01bba520ea647c3ef9deab46e0267621
alpine,6f21693d,2021-08-26,sha256:5032e1b94e4f6bdbbf34d11a6413994f01bba520ea647c3ef9deab46e0267621
debian,6f21693d,2021-08-26,sha256:a0607f77122eb9eb3d9d8219c36dfbd93f74b30a1fae3a412d67e14cd2eee9c1
scratch,c5b560be,2021-08-27,sha256:6840067959e22994b349d9a28b31d17b6a377e3d6e8ca9d0b67a9af18a94d260
alpine,c5b560be,2021-08-27,sha256:6840067959e22994b349d9a28b31d17b6a377e3d6e8ca9d0b67a9af18a94d260
debian,c5b560be,2021-08-27,sha256:8129fe09b30e53961921a917c1d356a5c9c3f29a2c3d869294b5756c245590ed
scratch,adcdc9b6,2021-08-28,sha256:d82a9ac854942c9e2086c3b08e8eac94f52581b33ea6fa3781c3d54c6b16b6d2
alpine,adcdc9b6,2021-08-28,sha256:d82a9ac854942c9e2086c3b08e8eac94f52581b33ea6fa3781c3d54c6b16b6d2
debian,adcdc9b6,2021-08-28,sha256:b0677c45cd54b519eb01ad3b0c74529fe07fef148f8456bce61810dd850922e1
scratch,77ff972e,2021-10-07,sha256:909eb70676ba5d71ffac6d485a63859e396ba9bb30d9d3c8644e42bbf55b1ed4
alpine,77ff972e,2021-10-07,sha256:909eb70676ba5d71ffac6d485a63859e396ba9bb30d9d3c8644e42bbf55b1ed4
debian,77ff972e,2021-10-07,sha256:f4f21be11c6a24a77c8920685e91ae83a4a4721e720c4fae5483b294c3ffb1a8
scratch,164107bf,2021-12-16,sha256:f876d84970bf221bea682a9e4da5696b36d1cf0f8c2850c9c322ae765f0f5d20
alpine,164107bf,2021-12-16,sha256:f876d84970bf221bea682a9e4da5696b36d1cf0f8c2850c9c322ae765f0f5d20
debian,164107bf,2021-12-16,sha256:326767d6d8810ab36b8c64562744b6c7a79f5bcfa0908760faa3d72ee7ab2ea8
ubi7,164107bf,2021-12-16,sha256:3103f460b60fa22f9d18bbcda5db1a2ba15f2ac30acadbeabaa8b784b1915555
scratch,a1431286,2022-01-24,sha256:21917e4394075ad87348ca20e9ecf7dec712b87409706ee9b40b33fa669d1b4e
alpine,a1431286,2022-01-24,sha256:21917e4394075ad87348ca20e9ecf7dec712b87409706ee9b40b33fa669d1b4e
debian,a1431286,2022-01-24,sha256:bb1826ba71fd39a66ebe583f58b1885d8bcbedcbcb37b3bdf0cf8ed1a4ce5895
ubi7,a1431286,2022-01-24,sha256:85d16297666a3b9ee127aa2854ef9675e5953d62f2cf4c14d37b50804a565dd2
scratch,459d88b6,2022-02-02,sha256:bbd201f4726bc0fa224220858e273eb7c60c8d515da9b4923323c658beaa4746
alpine,459d88b6,2022-02-02,sha256:bbd201f4726bc0fa224220858e273eb7c60c8d515da9b4923323c658beaa4746
debian,459d88b6,2022-02-02,sha256:a139d99832803080778764e1708ee30b3d25c5c47ea03b366a1788cf8a92cdf6
ubi7,459d88b6,2022-02-02,sha256:2867f05eb70b05f2d65a3faa97690f946bc43d6a6857af5ecce0a8d6d96f65f2
scratch,875ef387,2022-02-07,sha256:1c39339ee8b38e317112c26b815cbab334364b747d6da78a2023f0a4a685fd83
alpine,875ef387,2022-02-07,sha256:1c39339ee8b38e317112c26b815cbab334364b747d6da78a2023f0a4a685fd83
debian,875ef387,2022-02-07,sha256:d454bd5bfea2ca8c41851c6dfe3882e8fe5ea2f00402d56288ea7811dd91b279
ubi7,875ef387,2022-02-07,sha256:79c961bc3296f5c84269f3ba8a967b94f3168800811c1e8b1c48589a4a7ad85f
scratch,f615f864,2022-03-09,sha256:8ffc9f5d97a4a7e39c186d072d4cef9675a9736626321a9c9eeb4212e6db1057
alpine,f615f864,2022-03-09,sha256:8ffc9f5d97a4a7e39c186d072d4cef9675a9736626321a9c9eeb4212e6db1057
debian,f615f864,2022-03-09,sha256:001da0fee87394aca8dc72400671729a169f584df6d645b562f6732b3f3970d2
ubi8,f615f864,2022-03-09,sha256:2fb59831ead7486991359afd6896b97887210a556980704d676f1a7fda59652b
scratch,8026554a,2022-03-17,sha256:64ec3382b8fb4a21ab1ce30dd3fbbe78087ffa3596f45a3c4f52293c9be69c77
alpine,8026554a,2022-03-17,sha256:64ec3382b8fb4a21ab1ce30dd3fbbe78087ffa3596f45a3c4f52293c9be69c77
debian,8026554a,2022-03-17,sha256:1bd6e2150b4580ccb763efcbb8af08537d20d013fb864ee51b0e490e4a36931b
ubi8,8026554a,2022-03-17,sha256:87812a576b355d7b2ca02c95d0d5406816a00daf55c4705da978dc1e733dbcd6
scratch,0d0fed34,2022-04-14,sha256:779f2329ba80582f89758462734a75da9ac9f3f7ef420541e33fb1a9de643bf3
alpine,0d0fed34,2022-04-14,sha256:779f2329ba80582f89758462734a75da9ac9f3f7ef420541e33fb1a9de643bf3
debian,0d0fed34,2022-04-14,sha256:b42feae6460ffd1a19394619c439147e959d4d3c3327673f7c0b4f00300f8c57
ubi8,0d0fed34,2022-04-14,sha256:055fcdbe97c30aacacbdeb1643211ae90d67e7385382c681235d045c8513954b
scratch,1af0298a,2022-04-22,sha256:a509201a2e1960187d046a6c1eb41315c5048d9503859eb023b8877afaf73f04
alpine,1af0298a,2022-04-22,sha256:a509201a2e1960187d046a6c1eb41315c5048d9503859eb023b8877afaf73f04
debian,1af0298a,2022-04-22,sha256:641c274fe965cd62f7260985c9f05fd25c3bcb19dae01b078277027ea4f2ee66
ubi8,1af0298a,2022-04-22,sha256:63cca4cbb9df50f6938cfaff7a54eea11029c7c6a94b6c0edee8aaee2860c716
scratch,5846333f,2022-05-02,sha256:ffb1e1a1aadb91fb07e08f9b2cda582767320c4888ecbef8d50f00e3d07e5db0
alpine,5846333f,2022-05-02,sha256:ffb1e1a1aadb91fb07e08f9b2cda582767320c4888ecbef8d50f00e3d07e5db0
debian,5846333f,2022-05-02,sha256:c81591e7508ecffd0c88f2ee884a7ef1144076310875bc9b4d51c8dc83f2370b
ubi8,5846333f,2022-05-02,sha256:e50121cdc17f3b7afa6a6c2c820b0517b94b78dee6fb1fd4ccaa79b5d2640d1a
scratch,fd4160fd,2022-05-04,sha256:ec5c8ac7d7b0793782c2a42d5cc3c6092d4d582eeed46c3c8094ca2344dc1423
alpine,fd4160fd,2022-05-04,sha256:ec5c8ac7d7b0793782c2a42d5cc3c6092d4d582eeed46c3c8094ca2344dc1423
debian,fd4160fd,2022-05-04,sha256:ec36ec2197079b09ffe38ee5b68d4dfe0cf36efc47ceeaa72de4739a4c39dd36
ubi8,fd4160fd,2022-05-04,sha256:1925dc6ee1d01c27e702a84bcedb4925304602988caf4d9f22a27555bcf2fbee
scratch,c2993ec2,2022-05-05,sha256:3dc3e9cc84e1ee2ee45309f3a96b249aeddc2eea26ddb173edbf5e3780f6eb3e
alpine,c2993ec2,2022-05-05,sha256:3dc3e9cc84e1ee2ee45309f3a96b249aeddc2eea26ddb173edbf5e3780f6eb3e
debian,c2993ec2,2022-05-05,sha256:6ef241e07372a753f84a6e75a67491a2b101fe302c0baf198a6ad39f8cdda0d2
ubi8,c2993ec2,2022-05-05,sha256:66be122109613eea6e85a3f25e50846f382d675b23a36ca8ddb42f556739c1fe
scratch,fc9b5ee2,2022-05-11,sha256:e5d437179c654072eb5f19ba8e48f5e50aeb5411ae8e06e1e3777b6ac0ae2635
alpine,fc9b5ee2,2022-05-11,sha256:e5d437179c654072eb5f19ba8e48f5e50aeb5411ae8e06e1e3777b6ac0ae2635
debian,fc9b5ee2,2022-05-11,sha256:e633edf7517d78cb2df2fb07d6ca7cc5c55b8a4b57df871708ab49e07a4d96c4
ubi8,fc9b5ee2,2022-05-11,sha256:0fe13d186c04ff3fa98ecf75df39e33177915b732da707bd85d8ed44cb691186
scratch,38bb9f35,2022-05-12,sha256:8cb900572b75150e0e3fdb41f76de896b715da7835654bb57e8e6e5b34ce4ce3
alpine,38bb9f35,2022-05-12,sha256:8cb900572b75150e0e3fdb41f76de896b715da7835654bb57e8e6e5b34ce4ce3
debian,38bb9f35,2022-05-12,sha256:435f0114e3237658669e4e07fb78624e1aa60bf5e35b53342b8918e49ecdc0aa
ubi8,38bb9f35,2022-05-12,sha256:d90206901911d2410f9de48830b8ea7082ac7a3dfcf94fbceaecdb44c1b5be1d
scratch,1d4f6998,2022-05-13,sha256:66b05f6e514b2eff917cefee4ea4e8ec9ada0df10d5089b4a64762e0cb734132
alpine,1d4f6998,2022-05-13,sha256:66b05f6e514b2eff917cefee4ea4e8ec9ada0df10d5089b4a64762e0cb734132
debian,1d4f6998,2022-05-13,sha256:b20e176665db5bff6c0cacd4e8ec680ecd663b832ff7c44f59fd2f9ff3ec0ea8
ubi8,1d4f6998,2022-05-13,sha256:17b0a8df03b07ce088482c9d4624e9f370a06cb79d1c94a6ff3d911d51d67c69
scratch,73996ca2,2022-05-16,sha256:82b45b80f2babcc572f2b678d50ccfb865cbfd93b11c308388c1927f62cab69f
alpine,73996ca2,2022-05-16,sha256:82b45b80f2babcc572f2b678d50ccfb865cbfd93b11c308388c1927f62cab69f
debian,73996ca2,2022-05-16,sha256:4d1bef15eb5bbdea5945d04da02a8725c9514d61fd1ec0cad579cb94bc412602
ubi8,73996ca2,2022-05-16,sha256:604564dfa964867dff6949b0f3945e49389cbda267870cf0b70261b748841b9c
scratch,75251d62,2022-05-17,sha256:63da4aa429fe4f0ea1cc41e07dd9199acaf48333bafa6cf6ab332958cbac98ba
alpine,75251d62,2022-05-17,sha256:63da4aa429fe4f0ea1cc41e07dd9199acaf48333bafa6cf6ab332958cbac98ba
debian,75251d62,2022-05-17,sha256:842218854c6afd07f68a56961b9ae989ef06a3b47cd608da10f25613be289df0
ubi8,75251d62,2022-05-17,sha256:8d62bf473eff3fe1b0e9f1be3c2ebe9bfef4eef3c6c0db1f910e494ed763a323
scratch,6ee1a14b,2022-05-18,sha256:830b28c320abe3e06f158c3a03ecbdd5f124aed6c9e5fd74446ea2549b6efff2
alpine,6ee1a14b,2022-05-18,sha256:830b28c320abe3e06f158c3a03ecbdd5f124aed6c9e5fd74446ea2549b6efff2
debian,6ee1a14b,2022-05-18,sha256:bbbfc0b9644c4bcdfdeb8149fe1d5e57157c8bf4635009ff7b86e835edab3086
ubi8,6ee1a14b,2022-05-18,sha256:04afb9c2dfe59dbf040734de356d255618146e5ee7070b5148cb64e9f048f590
scratch,8278b606,2022-05-19,sha256:b152eabcf75e0854996ef93eec678ccdf2042849e18b368a72cea3432e70fb2c
alpine,8278b606,2022-05-19,sha256:b152eabcf75e0854996ef93eec678ccdf2042849e18b368a72cea3432e70fb2c
debian,8278b606,2022-05-19,sha256:03272253cd61c373eed8b53155eb203ec2311274c857e02b0c99cbecacce1d3a
ubi8,8278b606,2022-05-19,sha256:bfdb9db4e79c79f0b73552be16761ac171864db0a1d05a581ebe1a1269ee74a9
scratch,e21eac49,2022-05-20,sha256:fa407f2b8bc817431b29fe34356675b13b599227bc6a1020433522b8779898e3
alpine,e21eac49,2022-05-20,sha256:fa407f2b8bc817431b29fe34356675b13b599227bc6a1020433522b8779898e3
debian,e21eac49,2022-05-20,sha256:10c30aa3793359a6c0beef15bb31da5dea9261c1656bcdf97dbe913ad8163094
ubi8,e21eac49,2022-05-20,sha256:130c0007df3b4eb5b71a7e75aa5984c3cf8cbf47de1133f5873026143c2a6de1
scratch,231d98c8,2022-05-23,sha256:8530996b0f90b7e7d2050be04d789daf931fe8ed3207e496247c3275ff254bb5
alpine,231d98c8,2022-05-23,sha256:8530996b0f90b7e7d2050be04d789daf931fe8ed3207e496247c3275ff254bb5
debian,231d98c8,2022-05-23,sha256:df9ebdad3d076dc2b4eb4aab87d4427d443666644f9dff14064c23dcbfb4f1fb
ubi8,231d98c8,2022-05-23,sha256:13fbad6c670b205515d9f2d93288141351db986b9ab81ad0c9c4be9ae082dba0
scratch,ff00cebf,2022-05-25,sha256:747848e7ca24722b29f8131daff0f5741c2685168ae4f161b85b62704e9fd75f
alpine,ff00cebf,2022-05-25,sha256:747848e7ca24722b29f8131daff0f5741c2685168ae4f161b85b62704e9fd75f
debian,ff00cebf,2022-05-25,sha256:e48390a41eac45c23a058bb102acb38bbb90ee8d2786c62504c51b9f26147a1e
ubi8,ff00cebf,2022-05-25,sha256:1d0e34ada6cf0a72029e2c9458e26f5abcbe6a32876d4e906f3ed57d2888740d
scratch,8dab4f0e,2022-05-26,sha256:b2af49773662b7f5af93eb6cd9d18cec5aaaa8c6af41335196d397254c6ecaf9
alpine,8dab4f0e,2022-05-26,sha256:b2af49773662b7f5af93eb6cd9d18cec5aaaa8c6af41335196d397254c6ecaf9
debian,8dab4f0e,2022-05-26,sha256:e10e9abab4d2c6fd1289ab1ac66857e9333ef1e633208719f3791ac695407f65
ubi8,8dab4f0e,2022-05-26,sha256:728a169b7e6f219c7546571aa22a2a1b71ff221866ea71903b9c09ff24936b2f
scratch,ede5d251,2022-05-27,sha256:7f723e00696fe8d3c47e5d16f6ff920baf78799cba88a1b56d34045ea4faccc4
alpine,ede5d251,2022-05-27,sha256:7f723e00696fe8d3c47e5d16f6ff920baf78799cba88a1b56d34045ea4faccc4
debian,ede5d251,2022-05-27,sha256:702a3296c7a4df68113761c656b4e94b0361cdc01040ecd80125ca7d9eb93041
ubi8,ede5d251,2022-05-27,sha256:f5c925e66126e1ae8b43ebf4960522594ab7c9824885a985807143486e4ee50e
scratch,b753e9b4,2022-05-30,sha256:4aa3d0fb8538ec91a9a84a244907a58e5a38ba0ad9d2e73d263102425f871b61
alpine,b753e9b4,2022-05-30,sha256:4aa3d0fb8538ec91a9a84a244907a58e5a38ba0ad9d2e73d263102425f871b61
debian,b753e9b4,2022-05-30,sha256:eafeb124270e8a65dc25d2da7b496e8338936c546b987673772602739e8d1d35
ubi8,b753e9b4,2022-05-30,sha256:9bf15ff5bb811f22460b27bcb340e784e50a28872aba87d40350d3289703743c
scratch,2565134b,2022-05-31,sha256:1f0febaaef5a5798375acb80ff7db8582c16f4acfba671d707e3e68ca3d3fd23
alpine,2565134b,2022-05-31,sha256:1f0febaaef5a5798375acb80ff7db8582c16f4acfba671d707e3e68ca3d3fd23
debian,2565134b,2022-05-31,sha256:90c63b407c298e64cf7a6603dd1d42285e563244f4fc21aa26602a2340647dee
ubi8,2565134b,2022-05-31,sha256:8a3e94f9e8cf361941ac86dc64b6974ef6a4ffd1120284b77b860ca299bfa4be
scratch,92f459d4,2022-06-01,sha256:55c49afeeb2d28523c3dfe053423d32bafac88bd4b3ec20c0b7fb6b8d4b33df5
alpine,92f459d4,2022-06-01,sha256:55c49afeeb2d28523c3dfe053423d32bafac88bd4b3ec20c0b7fb6b8d4b33df5
debian,92f459d4,2022-06-01,sha256:1402c7beeedc914a21ff19980aa394bd1107261abda48c9a1168d435945d859e
ubi8,92f459d4,2022-06-01,sha256:04a54b6e0b091f75282a3fe27a930770d67a0cc108a03fd4b26e33f8c42b93f9
scratch,86319d6d,2022-06-02,sha256:e645697094f5a31a396cd8bae608d38a827eef8122835c451670adbe11f82255
alpine,86319d6d,2022-06-02,sha256:e645697094f5a31a396cd8bae608d38a827eef8122835c451670adbe11f82255
debian,86319d6d,2022-06-02,sha256:e1712d482f09422dd12b226adcd1c1b8a47f1aa0e8f7343c54d77f334699a838
ubi8,86319d6d,2022-06-02,sha256:a3a1f9c123479cb6969a49a6cbe7285feac15a3aa88b6df059d65e6aee1f4f5e
scratch,1e38e44b,2022-06-06,sha256:30a02aaec1f178622421d376d52fb3bd9a37926af2652efb5026ff20914b4a7d
alpine,1e38e44b,2022-06-06,sha256:30a02aaec1f178622421d376d52fb3bd9a37926af2652efb5026ff20914b4a7d
debian,1e38e44b,2022-06-06,sha256:6d6b301aa0222bebb4ae21a16beb9a341ffc7a7e43017f072c513e72ae12acf6
ubi8,1e38e44b,2022-06-06,sha256:ab0500e1de7cf7e5959907ff661cc1f5deba8853149aecab499f4832100584bc
scratch,8d06099c,2022-06-07,sha256:93a5bdb4c77a7d5c982bffb6925d344185e074d2ec748e1bc1e363b4cedbd4c5
alpine,8d06099c,2022-06-07,sha256:93a5bdb4c77a7d5c982bffb6925d344185e074d2ec748e1bc1e363b4cedbd4c5
debian,8d06099c,2022-06-07,sha256:fd135718ec08fff72fc9dfb132b6c3e18607a693fe2043400a598cd653d25de7
ubi8,8d06099c,2022-06-07,sha256:47beaf3bbc505f97aa2511710f0b8bd32bcae81f69a70515ed8059f4a292d641
scratch,d393cfa8,2022-06-08,sha256:85f4ce79e807543fe2b026871e624207c72a50d84b6684a6456cb7eb6e9b66fd
alpine,d393cfa8,2022-06-08,sha256:85f4ce79e807543fe2b026871e624207c72a50d84b6684a6456cb7eb6e9b66fd
debian,d393cfa8,2022-06-08,sha256:d3616df97ca7be9496dfe9fa8ecaa5df2f87fb83220f83a79f67948148a81fe0
ubi8,d393cfa8,2022-06-08,sha256:dc232df76aed2be2935ecdeea85765eed5d8d55fcdbe05ae35abb7efd9ff4a75
scratch,583aeb78,2022-06-13,sha256:57052ae9ae34c25e71bd458d9c149c6ea3d7fbd6fd7e69b4a365022e10c431b9
alpine,583aeb78,2022-06-13,sha256:57052ae9ae34c25e71bd458d9c149c6ea3d7fbd6fd7e69b4a365022e10c431b9
debian,583aeb78,2022-06-13,sha256:bfe795402c7fefa8607cc81d7eb6e87be23de3e610a5b40f71fae3af24168d57
ubi8,583aeb78,2022-06-13,sha256:de7bb87de5e3b90d544c8514ac8c511dbd05196bfb855206c013088055bb4905
scratch,bce876d1,2022-06-14,sha256:111070b8f387f5c2c0acbd5ca7d820685f1d3a5b0af35240549c04918655242b
alpine,bce876d1,2022-06-14,sha256:111070b8f387f5c2c0acbd5ca7d820685f1d3a5b0af35240549c04918655242b
debian,bce876d1,2022-06-14,sha256:1514d992b223c6df7baa73f1dfab1896991cfd5079e73d0dae7b2a472da599d7
ubi8,bce876d1,2022-06-14,sha256:2412e4ddb6f7375361bc4f30ddd5293fef63c53c49a29a1210d8d803c5110a1e
scratch,3330636b,2022-06-20,sha256:b914082a8d09706aa934dcc550afb6da860ae62904a3b9bc9f80a96366c7c9ea
alpine,3330636b,2022-06-20,sha256:b914082a8d09706aa934dcc550afb6da860ae62904a3b9bc9f80a96366c7c9ea
debian,3330636b,2022-06-20,sha256:4b3f57a8b6eb835a63c9e6734335de2bd3da9e33c1fa479e61bdf776f79a30a1
ubi8,3330636b,2022-06-20,sha256:85263019054afa688da5569c3b50f7bd5f746dd557b6af2750e9574cb88c301e
scratch,b92b481b,2022-06-21,sha256:e8b27472b6999ca9851e95bc62b7891340213d1ba6eadf24e89a202d1f8d5c10
alpine,b92b481b,2022-06-21,sha256:e8b27472b6999ca9851e95bc62b7891340213d1ba6eadf24e89a202d1f8d5c10
debian,b92b481b,2022-06-21,sha256:7adb83e7fe52e55d1481e5ccc7488250a58d0a83275b05f3062647259ffb48b5
ubi8,b92b481b,2022-06-21,sha256:40841db84b700c90b7a762eb30cbb110ae0a67b58ba1d7817adec1d6b4f68582
scratch,6c18f4c2,2022-06-22,sha256:c403f01c785024a9aefae27fe8037e832df6b300e4fdc7bf1cf8b19bb5ba54a1
alpine,6c18f4c2,2022-06-22,sha256:c403f01c785024a9aefae27fe8037e832df6b300e4fdc7bf1cf8b19bb5ba54a1
debian,6c18f4c2,2022-06-22,sha256:c9a4b3f2f1e86b3851bc1276134b0ffa581be9ca063e982e2af1570ff5dc493d
ubi8,6c18f4c2,2022-06-22,sha256:2a0ffd9d806ee2f68fa17b1fd65135a24dc1f60ab9de50c8694054c876eec62f
scratch,2343a0f8,2022-06-23,sha256:ce14939ff439de48f3ab8d1625f47770b05b535c481ad8af87d7f392e1bfdbdd
alpine,2343a0f8,2022-06-23,sha256:ce14939ff439de48f3ab8d1625f47770b05b535c481ad8af87d7f392e1bfdbdd
debian,2343a0f8,2022-06-23,sha256:a05915c88b2f339a54bcb30b981f143508daf1f40fc8b381e71fb4d43c944463
ubi8,2343a0f8,2022-06-23,sha256:27b6c7e1f7c4db72c374ccb43a7e6732a653914892bfb653a9e9958b594d9137
scratch,2c3d197f,2022-06-27,sha256:b0624ce0cb1aa7fc6f549198552e880504c5669f04682accdfcddbafcb699061
alpine,2c3d197f,2022-06-27,sha256:b0624ce0cb1aa7fc6f549198552e880504c5669f04682accdfcddbafcb699061
debian,2c3d197f,2022-06-27,sha256:96637db1bb51ac0f6141a42967067c7774c1210983810bbf76cee4a7e4a282b2
ubi8,2c3d197f,2022-06-27,sha256:02f8734bcbbd2d61f078ccfa9564e650d0ce8bcea443ed35407150f300b46122
scratch,0a3b222f,2022-06-28,sha256:5bc07ab2dbb5cbb098cf7f4efe01a163e68e2a379adaa9d44397b11b251e27f4
alpine,0a3b222f,2022-06-28,sha256:5bc07ab2dbb5cbb098cf7f4efe01a163e68e2a379adaa9d44397b11b251e27f4
debian,0a3b222f,2022-06-28,sha256:cab03caadffd636f314b8b2e85299341008694fbb0ec6aa85bb40a06f1177307
ubi8,0a3b222f,2022-06-28,sha256:41b1fb0ddc301bf3d9262c25e96f3218ea2cfcd1b0bd9bcfd22ab3af5bbe0323
scratch,4cec7269,2022-06-30,sha256:bdf3aeb368ee5ad355f991dece510631df1dbb5782e757cb6eee8c482ff9f81d
alpine,4cec7269,2022-06-30,sha256:bdf3aeb368ee5ad355f991dece510631df1dbb5782e757cb6eee8c482ff9f81d
debian,4cec7269,2022-06-30,sha256:dc8d8dfb1f0a8d60f3030809d23610883a15a90fc3449d4755a3d74c77718ed4
ubi8,4cec7269,2022-06-30,sha256:f28a9060b4b25962f9ad5655f4316cdba4658d908118cea42315f079fb7dd7e0
scratch,27009c3a,2022-07-01,sha256:0d4f0df314fd9f1677c06b7a601bf1bba96860c916350f61fd0d73fa80416b16
alpine,27009c3a,2022-07-01,sha256:0d4f0df314fd9f1677c06b7a601bf1bba96860c916350f61fd0d73fa80416b16
debian,27009c3a,2022-07-01,sha256:421ee3346c5399296183be4af84aaff73924a80fd06a72afd0640881603002d2
ubi8,27009c3a,2022-07-01,sha256:bb810e78ff1b5fc2c8c9ddcd822709eca3d5a11ccc55557a2bb4407676015f3c
scratch,052994a1,2022-07-04,sha256:17373b35e75ba8f7bc02e0b471ba063a54583324b960216ee5653d256041e968
alpine,052994a1,2022-07-04,sha256:17373b35e75ba8f7bc02e0b471ba063a54583324b960216ee5653d256041e968
debian,052994a1,2022-07-04,sha256:f7965f0be1e487c142f3005802fe944172e2b3e3ee2580a010a4419cc0942d96
ubi8,052994a1,2022-07-04,sha256:fe1ba937676edf3e2c4cddc1fae9b897c4c18c9f328da96cc62be2dfb17102fa
scratch,2b586d54,2022-07-05,sha256:0f1e584f3e451f407257db0701203d5b6a2163f735d266b5bf97a7538e0869a3
alpine,2b586d54,2022-07-05,sha256:0f1e584f3e451f407257db0701203d5b6a2163f735d266b5bf97a7538e0869a3
debian,2b586d54,2022-07-05,sha256:0434f7a80dd23ffcd350c41c6e5c93362c6b03730d95cd42f901316213ecd2d1
ubi8,2b586d54,2022-07-05,sha256:1cc635bd960c2df6a335fbe70127f4adf1b6ecff48d672b27e4c3475e9cfeb3b
scratch,f74d47d8,2022-07-06,sha256:d1bc1ba2f50503c7b95f0b36b25bd58eb2a3487e33e297e95bd681f1b5f96ed7
alpine,f74d47d8,2022-07-06,sha256:d1bc1ba2f50503c7b95f0b36b25bd58eb2a3487e33e297e95bd681f1b5f96ed7
debian,f74d47d8,2022-07-06,sha256:75adcea5c303ba2965ad68d1bf974c39d6c7dc3b8877352ef588167e6c93a4ad
ubi8,f74d47d8,2022-07-06,sha256:687a59d4819ad4be7cbacd9e308d8dee496e88b9de8fe48c824fdb3309c66ece
scratch,c129eb31,2022-07-07,sha256:357f91cfed2a3596282d5f9dee770657cacf85bb1b3e3006bba0b2732513f977
alpine,c129eb31,2022-07-07,sha256:357f91cfed2a3596282d5f9dee770657cacf85bb1b3e3006bba0b2732513f977
debian,c129eb31,2022-07-07,sha256:9bc434e23431437bf1d1547c6a02c35e6f246f1fa2e23c16f0de0d1532e45032
ubi8,c129eb31,2022-07-07,sha256:f4b8d9b15bc3af086e1de39b5967be5f5350266fad6b77890dbd9cfeb81e858c
scratch,4517cbb6,2022-07-08,sha256:553b383d7fab28496b5abe258071d52049c64212f89d613aad2c285b7ecbea14
alpine,4517cbb6,2022-07-08,sha256:553b383d7fab28496b5abe258071d52049c64212f89d613aad2c285b7ecbea14
debian,4517cbb6,2022-07-08,sha256:9a1c4743d8d9bf8fa4f168647354acbdfa21af36cad08e59d5307984e1d54130
ubi8,4517cbb6,2022-07-08,sha256:f1f6ffee3cc296b44c47663252c36d39067b0c1aedc6e4b62f701681392833bf
scratch,69298d4e,2022-07-11,sha256:b81078f05e9332c2aed1180ff819b8509f5f5471c8897bd96a5e6bd6d1db335a
alpine,69298d4e,2022-07-11,sha256:b81078f05e9332c2aed1180ff819b8509f5f5471c8897bd96a5e6bd6d1db335a
debian,69298d4e,2022-07-11,sha256:78c120d1a44223d7473a780b62ba0dd3794cfe987d523241070e6462e59a54df
ubi8,69298d4e,2022-07-11,sha256:01a8433134f8e0cfb9aba8c8f4d456a2d2d4d7419248eee515b7ec1f1e30ad5e
scratch,77fa2416,2022-07-12,sha256:5f760fe5e1b8e49ab13d2cf5845b3eb13e484e5ad512aa9a452ca2ebb27764ff
alpine,77fa2416,2022-07-12,sha256:5f760fe5e1b8e49ab13d2cf5845b3eb13e484e5ad512aa9a452ca2ebb27764ff
debian,77fa2416,2022-07-12,sha256:da5b4542482c4437888b19236a59a34d5883d10b3917e943f54ed50e7ac6d049
ubi8,77fa2416,2022-07-12,sha256:2e5b28c1f1d4cd24954c5aa4e69f4037653b186e90fcb8955106023b032f5577
scratch,207bcf31,2022-07-13,sha256:8efd30673aedc406d7b0cb90e038d1741e2a5f36a19d83b7955ecab38008f870
alpine,207bcf31,2022-07-13,sha256:8efd30673aedc406d7b0cb90e038d1741e2a5f36a19d83b7955ecab38008f870
debian,207bcf31,2022-07-13,sha256:6a29b4baea63700dcca506177b8316941d374dc653e762af607618b5b840c373
ubi8,207bcf31,2022-07-13,sha256:1c4a131df2271919797be4c01c78a46996ff716d146d41feaabb1e0c03133a9c
scratch,b61dbe4b,2022-07-14,sha256:2a079441a2eecb78254c66bcbff237e5078e744c45a7bd6a6a4df795c6c36ae9
alpine,b61dbe4b,2022-07-14,sha256:2a079441a2eecb78254c66bcbff237e5078e744c45a7bd6a6a4df795c6c36ae9
debian,b61dbe4b,2022-07-14,sha256:37a0373be16c3db090d39872aca61640d35df7866ef62cfea15edaeadce90b2c
ubi8,b61dbe4b,2022-07-14,sha256:980e53c789bccb1b9c56839241d765c65be59acedd29b7c61008fce283903fd6
scratch,bc87c6bf,2022-07-15,sha256:180ae2bd2b8b27f13f716a5f645f602b8ee93fa31a07969d52e8de2046441fd7
alpine,bc87c6bf,2022-07-15,sha256:180ae2bd2b8b27f13f716a5f645f602b8ee93fa31a07969d52e8de2046441fd7
debian,bc87c6bf,2022-07-15,sha256:85b899a8ccbc3260b50239ca84a375087bbc57352c8b5dbd38efbb23118c2f5c
ubi8,bc87c6bf,2022-07-15,sha256:1263b8496e10a4914efc1c09b8c9b10b8cb39eaced03e207891b58088914ee29
scratch,902fa7bb,2022-07-18,sha256:890cc5f3730e8a58db1a9e8984285fd100f534e549a735a3984024b9ec3e8473
alpine,902fa7bb,2022-07-18,sha256:890cc5f3730e8a58db1a9e8984285fd100f534e549a735a3984024b9ec3e8473
debian,902fa7bb,2022-07-18,sha256:4526282f445316fe1615aa98414d604828d9af9e3741bd85c9e00ddc3fe5f4cf
ubi8,902fa7bb,2022-07-18,sha256:4b1935952706a5ccfbdd12378377f91d02b201d584f193ddbc89eb103fd9b8dd
scratch,7e8b65d9,2022-07-19,sha256:846a9fafb7cf2e9b95ae2e8ff611b81aec79c0ff37860270ed63635ba637a995
alpine,7e8b65d9,2022-07-19,sha256:846a9fafb7cf2e9b95ae2e8ff611b81aec79c0ff37860270ed63635ba637a995
debian,7e8b65d9,2022-07-19,sha256:8a87129603cd5e6e1ff9d655e2cf33405354d7e1bb759a0440be21b07f2235ca
ubi8,7e8b65d9,2022-07-19,sha256:fff30708f3809a04b3839a32a4cb4d267bace0cb30f6b0c77e38bb75640f3e8a
scratch,a8e7a611,2022-07-20,sha256:aa0db1182f560bb29d1afbaf8d0ca5e0779e8543d603110792bce24a19e706f6
alpine,a8e7a611,2022-07-20,sha256:aa0db1182f560bb29d1afbaf8d0ca5e0779e8543d603110792bce24a19e706f6
debian,a8e7a611,2022-07-20,sha256:0f2d0cf342f1df566800e286c4c926353a6b60b8355e0dcb460a839156c8e187
ubi8,a8e7a611,2022-07-20,sha256:6398049c8978b03454ff5d190cb358dd1f262871f879c368ec2271ba38c61246
scratch,278acb19,2022-07-21,sha256:027f5bbe9521c315060bc1a9198c911163cf155d68a31cfdca45e52e2a616979
alpine,278acb19,2022-07-21,sha256:027f5bbe9521c315060bc1a9198c911163cf155d68a31cfdca45e52e2a616979
debian,278acb19,2022-07-21,sha256:22c026a49665bf94751cc69a71d1d6e78af9cc3e6d1e301fe17b3b82e3b2d12a
ubi8,278acb19,2022-07-21,sha256:a9d3bb91a83a79af4f33006f521f73163a64036d3ea681e1c3f07d319cefd194
scratch,76904519,2022-08-05,sha256:3b41f47a590804e1f032a91411bb4a3138758a08961efd3aaa8b4e679dcef542
alpine,76904519,2022-08-05,sha256:3b41f47a590804e1f032a91411bb4a3138758a08961efd3aaa8b4e679dcef542
debian,76904519,2022-08-05,sha256:09967016e92f40a2ac20d35d53f55c878f85c18c49dc6cad387a67ed27502052
ubi8,76904519,2022-08-05,sha256:3fe147287a25c2507e1c58d8e51c1265ac3aeef8025c270c865d68f4cc971669
scratch,1a025597,2022-08-18,sha256:358ccdf8824f43fc35d71d9099d343511503db62bc760544f3fe6207ce876659
alpine,1a025597,2022-08-18,sha256:358ccdf8824f43fc35d71d9099d343511503db62bc760544f3fe6207ce876659
debian,1a025597,2022-08-18,sha256:ca5808d9b34f8499d29af7edebe9c9414e1415469d258094ffb58c380df630ab
ubi8,1a025597,2022-08-18,sha256:206fde3adfd77f0982d92b8dc8b39676662dc459174b8e358832c8fcc1f7d654
scratch,f51edc3f,2022-08-19,sha256:d7ba0453bf9cc1433687e7a08175b5e9967706e1c35028e7301b7f4a51abf3f6
alpine,f51edc3f,2022-08-19,sha256:d7ba0453bf9cc1433687e7a08175b5e9967706e1c35028e7301b7f4a51abf3f6
debian,f51edc3f,2022-08-19,sha256:0fef92979e802509ce6243facab40b426111c7374ee116bae232e168d4b4b76d
ubi8,f51edc3f,2022-08-19,sha256:e27da1987037eaf602bcc9c35f0f26edc30a6dfe2e385a50f9b76de818ac6e42
scratch,e2ee4a94,2022-08-24,sha256:c0d391f6e9e70c09e12c707e9be44431679308e15580c232e75a41fcb3cef66f
alpine,e2ee4a94,2022-08-24,sha256:c0d391f6e9e70c09e12c707e9be44431679308e15580c232e75a41fcb3cef66f
debian,e2ee4a94,2022-08-24,sha256:d2f5a1896c4d841baa37aa63dd3b684fed2637fd54df0e51d648169725d16748
ubi8,e2ee4a94,2022-08-24,sha256:8e2baa1de149261c7ae3da3b41fe1c271c68f5042290b503dcd766dfd51f015e
scratch,033fb200,2022-08-26,sha256:a6180578e6df0a7b763d4eecef9322e6aa419635a32a0970bb9426856e2ce934
alpine,033fb200,2022-08-26,sha256:a6180578e6df0a7b763d4eecef9322e6aa419635a32a0970bb9426856e2ce934
debian,033fb200,2022-08-26,sha256:6b3821454761979a153da7951306a7748363f885c54cad3439a64617ed68e1c2
ubi8,033fb200,2022-08-26,sha256:ae6b905fc6136e94bdf4ab1d495d90180622d08f3a1667a890ec34732e5558bf
scratch,244066b0,2022-09-03,sha256:505ba6e5e7f6eda4cad079f91f2445b4ae88624c61193293dce32d6d1ca5d2f7
alpine,244066b0,2022-09-03,sha256:505ba6e5e7f6eda4cad079f91f2445b4ae88624c61193293dce32d6d1ca5d2f7
debian,244066b0,2022-09-03,sha256:7f8c170064f9be91b75b126f449f79db2928718e3909808942877f58399200f9
ubi8,244066b0,2022-09-03,sha256:e4b73cbe4e46e46937b1eb689d64da15018961292a5613e9a350a06653ef4c72
scratch,d1aec86c,2022-09-17,sha256:0ce89ee82c784d12a58b379d4be1d216ea263eaab5ee2906120dea3b9cde7129
alpine,d1aec86c,2022-09-17,sha256:0ce89ee82c784d12a58b379d4be1d216ea263eaab5ee2906120dea3b9cde7129
debian,d1aec86c,2022-09-17,sha256:64561faf1ebdf87f7175d75d35b320a5b3eb510041d70b00e1a2f72909a44f16
ubi8,d1aec86c,2022-09-17,sha256:b0eac112efa4219cf98dcea66a0d2c4fc538c9434923c39833a1fa606e722814
scratch,400c4ffd,2022-09-21,sha256:412369b8c61d22ad367ddea0ca6632400527697f1c6aff0003a1c6a6399754d2
alpine,400c4ffd,2022-09-21,sha256:412369b8c61d22ad367ddea0ca6632400527697f1c6aff0003a1c6a6399754d2
debian,400c4ffd,2022-09-21,sha256:1a5ac46be1ea0454c92b4d17b9ecc9f8ab99fdf3b14a522b684ee1b8dbb6157d
ubi8,400c4ffd,2022-09-21,sha256:e435b44429416dc6866990e3db26f55d527958e1a8cf5ac80db17861a0552e96
scratch,7a299c15,2022-09-30,sha256:edf0a7d3f81712dd225aa2b540f19520189ddc165cfd75e5099fb32d4d05f96d
alpine,7a299c15,2022-09-30,sha256:edf0a7d3f81712dd225aa2b540f19520189ddc165cfd75e5099fb32d4d05f96d
debian,7a299c15,2022-09-30,sha256:5b9569167e2805a9f41f1b58815b9dd447bc1f7d27e9f2c6868e9c0003074531
ubi8,7a299c15,2022-09-30,sha256:eaedda48a8d2e57b45afffef7e647a5d4885a03c5511ddca0cd21bebf9dead86
scratch,2da04299,2022-10-13,sha256:00342d2105e7c684c7b1f276d685b3540a93847dadaaa6962e3a10cf0af8a460
alpine,2da04299,2022-10-13,sha256:00342d2105e7c684c7b1f276d685b3540a93847dadaaa6962e3a10cf0af8a460
debian,2da04299,2022-10-13,sha256:0bb6449bdc86e12324335c8469be2a27db429ae37fd08360c17d7d1d8186cef3
ubi8,2da04299,2022-10-13,sha256:078b8b9449cc936684ac0a28bfc8d716ed088768294f251f9b41834819395dd0
scratch,2047baea,2022-10-14,sha256:9053e3a44906c3130e55bf4463d540951bd1fda73ac5ac8125a4ced94a04f94b
alpine,2047baea,2022-10-14,sha256:9053e3a44906c3130e55bf4463d540951bd1fda73ac5ac8125a4ced94a04f94b
debian,2047baea,2022-10-14,sha256:79c5678fb38c0d564433d1fa7d3dd5ba397bde877e0b9e50b936c97adc45df91
ubi8,2047baea,2022-10-14,sha256:ae517391798516522a13145227618b6453d53f856fcaae9608280c39d09756e7
